{
  "tiers": [
    {
      "groups": [
        {
          "trades": [
            {
              "wants": [
                {
                  "item": "minecraft:stick",
                  "quantity": 1
                },
                {
                  "item": "minecraft:diamond",
                  "quantity": 2
                }
              ],
              "gives": [
                {
                  "item": "minecraft:diamond_sword",
                  "quantity": 5
                }
              ],
              "trader_exp": 0,
              "max_uses": 9999999,
              "reward_exp": false
            },
            {
              "wants": [
                {
                  "item": "minecraft:diamond",
                  "quantity": 1
                }
              ],
              "gives": [
                {
                  "item": "minecraft:command_block",
                  "quantity": 1
                }
              ],
              "trader_exp": 0,
              "max_uses": 9999999,
              "reward_exp": false
            },
            {
              "wants": [
                {
                  "item": "minecraft:emerald",
                  "quantity": 2
                }
              ],
              "gives": [
                {
                  "item": "minecraft:diamond_pickaxe",
                  "quantity": 1
                }
              ],
              "trader_exp": 0,
              "max_uses": 9999999,
              "reward_exp": false
            }
          ]
        }
      ]
    }
  ]
}